주차장 히트맵,위도,경도
0,37.51021362,126.8225168
0,37.51472013,126.822476
0,37.51697338,126.8224557
0.0526,37.53274612,126.822313
0.31717,37.53499937,126.8222926
0,37.53725261,126.8222722
0,37.53950586,126.8222518
0,37.5417591,126.8222314
0,37.50797655,126.8253656
0,37.51022981,126.8253453
0,37.51248306,126.825325
0,37.51473632,126.8253048
0,37.51698957,126.8252845
0,37.51924283,126.8252642
0,37.52149608,126.8252439
0,37.52374933,126.8252236
0,37.52600258,126.8252033
0,37.53050908,126.8251627
0.77043,37.53276233,126.8251424
1.01255,37.53501557,126.8251221
0,37.53726882,126.8251018
0,37.53952206,126.8250815
0,37.54177531,126.8250612
0,37.54402855,126.8250409
0,37.54628179,126.8250205
0,37.50799267,126.8281941
0,37.51024593,126.8281739
0,37.51249919,126.8281537
0,37.51475244,126.8281335
0,37.5170057,126.8281133
0,37.51925895,126.8280931
0,37.52151221,126.8280729
0,37.52376546,126.8280527
0,37.52601871,126.8280325
0,37.52827196,126.8280122
0,37.53052521,126.827992
0.25929,37.53277846,126.8279718
0.72908,37.53503171,126.8279516
0.53986,37.53728496,126.8279314
0.53299,37.5395382,126.8279111
0,37.54179145,126.8278909
0,37.54404469,126.8278707
0,37.54629794,126.8278505
0,37.54855118,126.8278302
0,37.5035022,126.8310628
0,37.50575547,126.8310427
0,37.50800873,126.8310226
0,37.51026198,126.8310025
0,37.51251524,126.8309823
0,37.5147685,126.8309622
0,37.51702176,126.8309421
0.6556,37.51927501,126.830922
0.18792,37.52152827,126.8309019
0.20796,37.52378152,126.8308817
0,37.52603477,126.8308616
0.44642,37.52828803,126.8308415
0.49712,37.53054128,126.8308214
0,37.53279453,126.8308012
0.18429,37.53504778,126.8307811
0.31489,37.53730103,126.830761
0,37.53955427,126.8307408
0,37.54180752,126.8307207
0,37.54406077,126.8307005
0,37.54631401,126.8306804
0,37.54856726,126.8306602
0,37.50351819,126.8338911
0,37.50577145,126.8338711
0,37.50802471,126.833851
0,37.51027797,126.833831
0,37.51253123,126.833811
0,37.51478449,126.833791
0,37.51703775,126.8337709
0.79554,37.519291,126.8337509
0.0381,37.52154426,126.8337309
0.78391,37.52379752,126.8337108
0.06242,37.52605077,126.8336908
0.62356,37.52830402,126.8336707
1.37209,37.53055728,126.8336507
0.34786,37.53281053,126.8336306
0.63914,37.53506378,126.8336106
1.03011,37.53731703,126.8335905
0,37.53957028,126.8335705
0,37.54182353,126.8335504
0,37.5035341,126.8367194
0,37.50578737,126.8366995
0,37.50804063,126.8366795
0,37.51029389,126.8366596
0,37.51254715,126.8366396
0,37.51480041,126.8366197
0,37.51705367,126.8365998
0.381,37.51930693,126.8365798
0.00042,37.52156019,126.8365599
0.01356,37.52381344,126.8365399
0.6403,37.5260667,126.8365199
0.45312,37.52831995,126.8365
0.66601,37.53057321,126.83648
0.96069,37.53282646,126.8364601
0.05201,37.53507971,126.8364401
0,37.53733296,126.8364201
0,37.50354995,126.8395477
0,37.50580321,126.8395279
0,37.50805648,126.839508
0,37.51030974,126.8394882
0,37.512563,126.8394683
0.00166,37.51481627,126.8394484
0.48053,37.51706953,126.8394286
0,37.51932279,126.8394087
0,37.52157604,126.8393889
0,37.5238293,126.839369
0.40498,37.52608256,126.8393491
0,37.52833581,126.8393292
0,37.53058907,126.8393094
0,37.505819,126.8423563
0,37.50807226,126.8423365
0,37.51032553,126.8423167
0,37.51257879,126.842297
0.00857,37.51483205,126.8422772
0.55512,37.51708531,126.8422574
0,37.51933857,126.8422376
0,37.52159183,126.8422179
0,37.52384509,126.8421981
0,37.52609835,126.8421783
0,37.50583471,126.8451847
0,37.50808798,126.845165
0,37.51034124,126.8451453
0,37.51259451,126.8451256
0,37.51484777,126.8451059
0,37.51710103,126.8450862
0,37.51935429,126.8450665
0,37.52160756,126.8450469
0.89947,37.52386082,126.8450272
0.15854,37.52611408,126.8450075
0,37.52836733,126.8449878
0,37.50810362,126.8479935
0,37.51035689,126.8479739
0,37.51261016,126.8479543
0.36481,37.51486342,126.8479347
0.49035,37.51711668,126.8479151
0,37.51936995,126.8478955
0,37.52162321,126.8478759
0.00015,37.52387647,126.8478562
0,37.52612973,126.8478366
0,37.52838299,126.847817
0,37.51037247,126.8508025
0,37.51262574,126.850783
0.0494,37.514879,126.8507634
0.10145,37.51713227,126.8507439
0,37.51938553,126.8507244
0,37.5216388,126.8507049
0.86461,37.52389206,126.8506853
0,37.52614532,126.8506658
0,37.52839858,126.8506463
0,37.51038798,126.8536311
0,37.51264125,126.8536116
0,37.51489452,126.8535922
0,37.51714779,126.8535727
0.58567,37.51940105,126.8535533
0.49359,37.52165432,126.8535339
0.20898,37.52390758,126.8535144
0,37.52616084,126.853495
0.04358,37.52841411,126.8534755
0,37.50815016,126.856479
0,37.51040343,126.8564596
0,37.5126567,126.8564403
0,37.51490997,126.8564209
0,37.51716323,126.8564016
0.00012,37.5194165,126.8563822
0,37.52166977,126.8563629
0,37.52392303,126.8563435
0.33471,37.5261763,126.8563242
0.66612,37.52842956,126.8563048
0,37.50591226,126.8593267
0,37.50816553,126.8593075
0,37.5104188,126.8592882
0.00102,37.51267208,126.859269
0.9739,37.51492535,126.8592497
0,37.51717862,126.8592304
0,37.51943188,126.8592112
0.57459,37.52168515,126.8591919
0,37.52393842,126.8591726
0.24762,37.52619168,126.8591533
0.6106,37.52844495,126.8591341
0,37.50592757,126.8621552
0,37.50818084,126.862136
0,37.51043411,126.8621168
0,37.51268739,126.8620976
1.74148,37.51494066,126.8620785
1.65593,37.51719393,126.8620593
0,37.5194472,126.8620401
0.54929,37.52170047,126.8620209
0,37.52395373,126.8620017
0.17047,37.526207,126.8619825
0.9844,37.52846027,126.8619633
0,37.53071353,126.8619441
0,37.54197985,126.8618481
0,37.54423311,126.8618289
0,37.54648637,126.8618097
0,37.54873962,126.8617905
0,37.50594281,126.8649836
0,37.50819608,126.8649645
0,37.51044936,126.8649454
0,37.51270263,126.8649263
0.18521,37.5149559,126.8649072
1.93504,37.51720917,126.8648881
0,37.51946244,126.864869
0,37.52171571,126.8648499
0,37.52396898,126.8648308
0,37.52622225,126.8648117
0.05557,37.52847552,126.8647926
0,37.53072879,126.8647735
0,37.53298205,126.8647544
0,37.53523532,126.8647353
0.24549,37.53748858,126.8647162
0.70081,37.53974184,126.864697
0.94641,37.54199511,126.8646779
0,37.54424837,126.8646588
0,37.54650163,126.8646397
0.45034,37.54875489,126.8646205
0,37.55100815,126.8646014
0,37.50595798,126.867812
0,37.50821125,126.867793
0.0256,37.51046453,126.867774
0,37.51271781,126.867755
0.0008,37.51497108,126.867736
0.99611,37.51722435,126.867717
1.012,37.51947762,126.867698
0.60893,37.5217309,126.8676789
0.00939,37.52398417,126.8676599
0,37.52623744,126.8676409
0,37.5284907,126.8676219
0,37.53074397,126.8676029
0,37.53299724,126.8675838
0,37.5352505,126.8675648
0,37.53750377,126.8675458
0.09247,37.53975703,126.8675267
0.09148,37.5420103,126.8675077
0,37.54426356,126.8674887
0,37.54651682,126.8674696
0.66912,37.54877008,126.8674506
0,37.55102334,126.8674315
0,37.5037198,126.8706593
0,37.50597308,126.8706404
0,37.50822636,126.8706215
0.96449,37.51047964,126.8706026
0.03316,37.51273291,126.8705837
0,37.51498619,126.8705647
0.00302,37.51723946,126.8705458
1.04293,37.51949274,126.8705269
0.68094,37.52174601,126.870508
0.02667,37.52399928,126.870489
0,37.52625255,126.8704701
0.55129,37.52850582,126.8704512
0,37.53075909,126.8704322
0,37.53301236,126.8704133
0,37.53526562,126.8703943
0,37.53751889,126.8703754
0,37.53977216,126.8703564
0,37.54202542,126.8703375
0.60049,37.54427868,126.8703185
0,37.54653195,126.8702996
0,37.54878521,126.8702806
0,37.50373484,126.8734877
0,37.50598812,126.8734689
0,37.5082414,126.87345
0,37.51049468,126.8734312
0,37.51274795,126.8734123
0,37.51500123,126.8733935
0,37.5172545,126.8733747
0.55068,37.51950778,126.8733558
0.05856,37.52176105,126.873337
0,37.52401433,126.8733181
0,37.5262676,126.8732993
0.64618,37.52852087,126.8732804
0.77997,37.53077414,126.8732616
0.00946,37.53302741,126.8732427
0,37.53528068,126.8732239
0,37.53753394,126.873205
0,37.53978721,126.8731861
0,37.54204048,126.8731673
0.53574,37.54429374,126.8731484
0.4353,37.54654701,126.8731295
0,37.50825637,126.8762785
0,37.51050965,126.8762598
0,37.51276292,126.876241
0,37.5150162,126.8762223
0.36779,37.51726948,126.8762035
0,37.51952275,126.8761848
0,37.52177603,126.876166
0,37.5240293,126.8761472
1.1509,37.52628258,126.8761285
0.77999,37.52853585,126.8761097
1.10909,37.53078912,126.8760909
2.85129,37.53304239,126.8760722
0.90579,37.53529566,126.8760534
0,37.53754893,126.8760346
0,37.5398022,126.8760158
0,37.54205546,126.8759971
0.04173,37.54430873,126.8759783
0.52127,37.546562,126.8759595
0,37.51277783,126.8790697
0,37.51503111,126.8790511
0.74142,37.51728439,126.8790324
0,37.51953766,126.8790137
0,37.52179094,126.878995
0,37.52404421,126.8789764
0.1091,37.52629749,126.8789577
0.00064,37.52855076,126.878939
0.76409,37.53080403,126.8789203
0.3417,37.53305731,126.8789016
1.619,37.53531058,126.8788829
0.32402,37.53756385,126.8788642
0,37.53981712,126.8788456
0,37.54207038,126.8788269
0,37.54432365,126.8788082
0,37.54657692,126.8787895
0,37.54883018,126.8787708
0,37.52631233,126.8817869
0,37.52856561,126.8817683
0,37.53081888,126.8817497
0,37.53307215,126.8817311
0.34003,37.53532543,126.8817125
1.48859,37.5375787,126.8816939
0,37.53983197,126.8816753
0,37.54208524,126.8816567
0,37.5443385,126.881638
0,37.54659177,126.8816194
0,37.54884504,126.8816008
0,37.52632711,126.8846161
0,37.52858038,126.8845976
0,37.53083366,126.8845791
0,37.53308693,126.8845605
0,37.53534021,126.884542
0,37.53759348,126.8845235
0,37.53984675,126.884505
0,37.54210002,126.8844865
0,37.54435329,126.8844679
0,37.54660656,126.8844494
0,37.52859509,126.8874269
0,37.53084837,126.8874084
0,37.53310164,126.88739
0,37.53535492,126.8873716
0,37.53760819,126.8873531
0,37.53986147,126.8873347
0,37.53086301,126.8902378
0,37.53311629,126.8902195
0,37.53536956,126.8902011
